-- phpMyAdmin SQL Dump
-- version 5.1.1
-- https://www.phpmyadmin.net/
--
-- Host: 127.0.0.1
-- Generation Time: Sep 28, 2025 at 05:52 PM
-- Server version: 10.4.22-MariaDB
-- PHP Version: 7.3.33

SET SQL_MODE = "NO_AUTO_VALUE_ON_ZERO";
START TRANSACTION;
SET time_zone = "+00:00";


/*!40101 SET @OLD_CHARACTER_SET_CLIENT=@@CHARACTER_SET_CLIENT */;
/*!40101 SET @OLD_CHARACTER_SET_RESULTS=@@CHARACTER_SET_RESULTS */;
/*!40101 SET @OLD_COLLATION_CONNECTION=@@COLLATION_CONNECTION */;
/*!40101 SET NAMES utf8mb4 */;

--
-- Database: `db_toko`
--

-- --------------------------------------------------------

--
-- Table structure for table `barang`
--

CREATE TABLE `barang` (
  `id` int(11) NOT NULL,
  `id_barang` varchar(255) NOT NULL,
  `id_kategori` int(11) NOT NULL,
  `nama_barang` text NOT NULL,
  `merk` varchar(255) NOT NULL,
  `harga_beli` varchar(255) NOT NULL,
  `harga_jual` varchar(255) NOT NULL,
  `satuan_barang` varchar(255) NOT NULL,
  `stok` text NOT NULL,
  `tgl_input` varchar(255) NOT NULL,
  `tgl_update` varchar(255) DEFAULT NULL
) ENGINE=InnoDB DEFAULT CHARSET=latin1;

--
-- Dumping data for table `barang`
--

INSERT INTO `barang` (`id`, `id_barang`, `id_kategori`, `nama_barang`, `merk`, `harga_beli`, `harga_jual`, `satuan_barang`, `stok`, `tgl_input`, `tgl_update`) VALUES
(4, 'BR001', 10, 'Tabung Gas 3 Kg', '-', '18000', '20000', 'PCS', '19', '27 September 2025, 17:50', '27 September 2025, 17:54'),
(5, 'BR002', 10, 'Tabung LPG 5,5 kg', 'Bright gas', '45000', '50000', 'PCS', '18', '27 September 2025, 17:54', NULL),
(6, 'BR003', 10, 'Tabung LPG 12 kg', 'Biru', '75000', '80000', 'PCS', '10', '27 September 2025, 17:55', NULL),
(7, 'BR004', 10, 'Tabung LPG 12 Kg', 'pink bright gas', '75000', '80000', 'PCS', '8', '27 September 2025, 17:55', NULL),
(8, 'BR005', 15, 'Kompor', 'Miyako', '120000', '130000', 'PCS', '20', '27 September 2025, 17:58', NULL);

-- --------------------------------------------------------

--
-- Table structure for table `kategori`
--

CREATE TABLE `kategori` (
  `id_kategori` int(11) NOT NULL,
  `nama_kategori` varchar(255) NOT NULL,
  `tgl_input` varchar(255) NOT NULL
) ENGINE=InnoDB DEFAULT CHARSET=latin1;

--
-- Dumping data for table `kategori`
--

INSERT INTO `kategori` (`id_kategori`, `nama_kategori`, `tgl_input`) VALUES
(10, 'Tabung Gas', '27 September 2025, 17:46'),
(15, 'Perlengkapan Gas', '27 September 2025, 17:47'),
(19, 'Galon', '27 September 2025, 17:48');

-- --------------------------------------------------------

--
-- Table structure for table `login`
--

CREATE TABLE `login` (
  `id_login` int(11) NOT NULL,
  `user` varchar(255) NOT NULL,
  `pass` char(32) NOT NULL,
  `id_member` int(11) NOT NULL
) ENGINE=InnoDB DEFAULT CHARSET=latin1;

--
-- Dumping data for table `login`
--

INSERT INTO `login` (`id_login`, `user`, `pass`, `id_member`) VALUES
(1, 'admin', '21232f297a57a5a743894a0e4a801fc3', 1),
(11, 'viewer09', '0df7410f4450355fbf46898f7e75c674', 11);

-- --------------------------------------------------------

--
-- Table structure for table `member`
--

CREATE TABLE `member` (
  `id_member` int(11) NOT NULL,
  `nm_member` varchar(255) NOT NULL,
  `alamat_member` text NOT NULL,
  `telepon` varchar(255) NOT NULL,
  `email` varchar(255) NOT NULL,
  `gambar` text NOT NULL,
  `NIK` text NOT NULL,
  `role` enum('admin','view') NOT NULL DEFAULT 'view'
) ENGINE=InnoDB DEFAULT CHARSET=latin1;

--
-- Dumping data for table `member`
--

INSERT INTO `member` (`id_member`, `nm_member`, `alamat_member`, `telepon`, `email`, `gambar`, `NIK`, `role`) VALUES
(1, 'Admin', 'Jl H Sarmah', '08888888', 'example@gmail.com', '1758987953_45ebedc70e6c01a9.png', '13333333', 'admin'),
(11, 'viewer09', '09', '', 'viewer09@gmail.com', '1759071302_e30514768e385608.jpg', '09', 'view');

-- --------------------------------------------------------

--
-- Table structure for table `nota`
--

CREATE TABLE `nota` (
  `id_nota` int(11) NOT NULL,
  `id_barang` varchar(255) NOT NULL,
  `id_member` int(11) NOT NULL,
  `jumlah` varchar(255) NOT NULL,
  `total` varchar(255) NOT NULL,
  `tanggal_input` varchar(255) NOT NULL,
  `periode` varchar(255) DEFAULT NULL
) ENGINE=InnoDB DEFAULT CHARSET=latin1;

--
-- Dumping data for table `nota`
--

INSERT INTO `nota` (`id_nota`, `id_barang`, `id_member`, `jumlah`, `total`, `tanggal_input`, `periode`) VALUES
(1, 'BR002', 1, '1', '50000', '27 September 2025, 19:33', '09-2025'),
(2, 'BR002', 1, '1', '50000', '27 September 2025, 19:33', '09-2025'),
(3, 'BR002', 1, '1', '50000', '27 September 2025, 19:33', '09-2025'),
(4, 'BR001', 11, '1', '20000', '28 September 2025, 22:05', '09-2025');

-- --------------------------------------------------------

--
-- Table structure for table `penjualan`
--

CREATE TABLE `penjualan` (
  `id_penjualan` int(11) NOT NULL,
  `id_barang` varchar(255) NOT NULL,
  `id_member` int(11) NOT NULL,
  `jumlah` varchar(255) NOT NULL,
  `total` varchar(255) NOT NULL,
  `tanggal_input` varchar(255) NOT NULL
) ENGINE=InnoDB DEFAULT CHARSET=latin1;

-- --------------------------------------------------------

--
-- Table structure for table `toko`
--

CREATE TABLE `toko` (
  `id_toko` int(11) NOT NULL,
  `nama_toko` varchar(255) NOT NULL,
  `alamat_toko` text NOT NULL,
  `tlp` varchar(255) NOT NULL,
  `nama_pemilik` varchar(255) NOT NULL
) ENGINE=InnoDB DEFAULT CHARSET=latin1;

--
-- Dumping data for table `toko`
--

INSERT INTO `toko` (`id_toko`, `nama_toko`, `alamat_toko`, `tlp`, `nama_pemilik`) VALUES
(1, 'Agen Gas Bang Usup', 'Jl H Sarmah No 55, Pondok Kacang Timur, Pondok Aren', '088888888', 'Usup');

--
-- Indexes for dumped tables
--

--
-- Indexes for table `barang`
--
ALTER TABLE `barang`
  ADD PRIMARY KEY (`id`);

--
-- Indexes for table `kategori`
--
ALTER TABLE `kategori`
  ADD PRIMARY KEY (`id_kategori`);

--
-- Indexes for table `login`
--
ALTER TABLE `login`
  ADD PRIMARY KEY (`id_login`);

--
-- Indexes for table `member`
--
ALTER TABLE `member`
  ADD PRIMARY KEY (`id_member`);

--
-- Indexes for table `nota`
--
ALTER TABLE `nota`
  ADD PRIMARY KEY (`id_nota`);

--
-- Indexes for table `penjualan`
--
ALTER TABLE `penjualan`
  ADD PRIMARY KEY (`id_penjualan`);

--
-- Indexes for table `toko`
--
ALTER TABLE `toko`
  ADD PRIMARY KEY (`id_toko`);

--
-- AUTO_INCREMENT for dumped tables
--

--
-- AUTO_INCREMENT for table `barang`
--
ALTER TABLE `barang`
  MODIFY `id` int(11) NOT NULL AUTO_INCREMENT, AUTO_INCREMENT=9;

--
-- AUTO_INCREMENT for table `kategori`
--
ALTER TABLE `kategori`
  MODIFY `id_kategori` int(11) NOT NULL AUTO_INCREMENT, AUTO_INCREMENT=24;

--
-- AUTO_INCREMENT for table `login`
--
ALTER TABLE `login`
  MODIFY `id_login` int(11) NOT NULL AUTO_INCREMENT, AUTO_INCREMENT=12;

--
-- AUTO_INCREMENT for table `member`
--
ALTER TABLE `member`
  MODIFY `id_member` int(11) NOT NULL AUTO_INCREMENT, AUTO_INCREMENT=12;

--
-- AUTO_INCREMENT for table `nota`
--
ALTER TABLE `nota`
  MODIFY `id_nota` int(11) NOT NULL AUTO_INCREMENT, AUTO_INCREMENT=5;

--
-- AUTO_INCREMENT for table `penjualan`
--
ALTER TABLE `penjualan`
  MODIFY `id_penjualan` int(11) NOT NULL AUTO_INCREMENT, AUTO_INCREMENT=4;

--
-- AUTO_INCREMENT for table `toko`
--
ALTER TABLE `toko`
  MODIFY `id_toko` int(11) NOT NULL AUTO_INCREMENT, AUTO_INCREMENT=2;
COMMIT;

/*!40101 SET CHARACTER_SET_CLIENT=@OLD_CHARACTER_SET_CLIENT */;
/*!40101 SET CHARACTER_SET_RESULTS=@OLD_CHARACTER_SET_RESULTS */;
/*!40101 SET COLLATION_CONNECTION=@OLD_COLLATION_CONNECTION */;
